{"m_nLevel":99,"m_vecPosition":{"x":8.100000381469727,"y":9.199999809265137,"z":7.199999809265137}}